# Задание 1

Используя Docker, поднимите инстанс PostgreSQL (версию 12) c 2 volume, в который будут складываться данные БД и бэкапы:
![screenshot](/screenshots/docker-compose-postgresql.png)

# Задание 2

- создайте пользователя test-admin-user и БД test_db: Сделано в docker-compose файле
- в БД test_db создайте таблицу orders и clients:
```
test_db=# SELECT * FROM clients;
 id | surname | country | order_id 
----+---------+---------+----------
(0 rows)

test_db=# SELECT * FROM orders;
 id | name | price 
----+------+-------
(0 rows)
```
```
test_db=# CREATE TABLE orders (
    id SERIAL PRIMARY KEY,
    name VARCHAR(255),
    price INTEGER
);
```
```
test_db=# CREATE TABLE clients (
    id SERIAL PRIMARY KEY,
    surname VARCHAR(255),
    country VARCHAR(255),
    order_id INTEGER,
    FOREIGN KEY (order_id) REFERENCES orders(id)
);
CREATE TABLE
test_db=# CREATE INDEX idx_country ON clients (country);
CREATE INDEX
```
- Предоставьте привилегии на все операции пользователю test-admin-user на таблицы БД test_db:
```
test_db=# grant all privileges on orders,clients to "test-admin-user";
GRANT
```
- создайте пользователя test-simple-user:
```
test_db=# create user "test-simple-user";
CREATE ROLE
```
- предоставьте пользователю test-simple-user права на SELECT/INSERT/UPDATE/DELETE данных таблиц БД test_db:
```
test_db=# grant select,insert,update,delete on orders,clients to "test-simple-user";
GRANT
```
- итоговый список БД после выполнения пунктов выше:
```
test_db=# \l
                                             List of databases
   Name    |      Owner      | Encoding |  Collate   |   Ctype    |            Access privileges            
-----------+-----------------+----------+------------+------------+-----------------------------------------
 postgres  | test-admin-user | UTF8     | en_US.utf8 | en_US.utf8 | 
 template0 | test-admin-user | UTF8     | en_US.utf8 | en_US.utf8 | =c/"test-admin-user"                   +
           |                 |          |            |            | "test-admin-user"=CTc/"test-admin-user"
 template1 | test-admin-user | UTF8     | en_US.utf8 | en_US.utf8 | =c/"test-admin-user"                   +
           |                 |          |            |            | "test-admin-user"=CTc/"test-admin-user"
 test_db   | test-admin-user | UTF8     | en_US.utf8 | en_US.utf8 | 
(4 rows)
```
- описание таблиц (describe):
```
test_db=# \d orders
                                    Table "public.orders"
 Column |          Type          | Collation | Nullable |              Default               
--------+------------------------+-----------+----------+------------------------------------
 id     | integer                |           | not null | nextval('orders_id_seq'::regclass)
 name   | character varying(255) |           |          | 
 price  | integer                |           |          | 
Indexes:
    "orders_pkey" PRIMARY KEY, btree (id)
Referenced by:
    TABLE "clients" CONSTRAINT "clients_order_id_fkey" FOREIGN KEY (order_id) REFERENCES orders(id)

test_db=# \d clients
                                     Table "public.clients"
  Column  |          Type          | Collation | Nullable |               Default               
----------+------------------------+-----------+----------+-------------------------------------
 id       | integer                |           | not null | nextval('clients_id_seq'::regclass)
 surname  | character varying(255) |           |          | 
 country  | character varying(255) |           |          | 
 order_id | integer                |           |          | 
Indexes:
    "clients_pkey" PRIMARY KEY, btree (id)
    "idx_country" btree (country)
Foreign-key constraints:
    "clients_order_id_fkey" FOREIGN KEY (order_id) REFERENCES orders(id)
```
- SQL-запрос для выдачи списка пользователей с правами над таблицами test_db:
```
test_db=# SELECT grantee, table_catalog, table_name, privilege_type FROM information_schema.table_privileges WHERE table_name IN ('orders','clients');
```
- список пользователей с правами над таблицами test_db:
```
test_db=# SELECT grantee, table_catalog, table_name, privilege_type FROM information_schema.table_privileges WHERE table_name IN ('orders','clients');
     grantee      | table_catalog | table_name | privilege_type 
------------------+---------------+------------+----------------
 test-admin-user  | test_db       | orders     | INSERT
 test-admin-user  | test_db       | orders     | SELECT
 test-admin-user  | test_db       | orders     | UPDATE
 test-admin-user  | test_db       | orders     | DELETE
 test-admin-user  | test_db       | orders     | TRUNCATE
 test-admin-user  | test_db       | orders     | REFERENCES
 test-admin-user  | test_db       | orders     | TRIGGER
 test-simple-user | test_db       | orders     | INSERT
 test-simple-user | test_db       | orders     | SELECT
 test-simple-user | test_db       | orders     | UPDATE
 test-simple-user | test_db       | orders     | DELETE
 test-admin-user  | test_db       | clients    | INSERT
 test-admin-user  | test_db       | clients    | SELECT
 test-admin-user  | test_db       | clients    | UPDATE
 test-admin-user  | test_db       | clients    | DELETE
 test-admin-user  | test_db       | clients    | TRUNCATE
 test-admin-user  | test_db       | clients    | REFERENCES
 test-admin-user  | test_db       | clients    | TRIGGER
 test-simple-user | test_db       | clients    | INSERT
 test-simple-user | test_db       | clients    | SELECT
 test-simple-user | test_db       | clients    | UPDATE
 test-simple-user | test_db       | clients    | DELETE
(22 rows)
```

# Задание 3

```
test_db=# INSERT INTO orders VALUES (1, 'Шоколад', 10), (2, 'Принтер', 3000), (3, 'Книга', 500), (4, 'Монитор', 7000), (5, 'Гитара', 4000); 
INSERT 0 5
test_db=# INSERT INTO clients VALUES (1, 'Иванов Иван Иванович', 'USA'), (2, 'Петров Петр Петрович', 'Canada'), (3, 'Иоганн Себастьян Бах', 'Japan'), (4, 'Ронни Джеймс Дио', 'Russia'), (5, 'Ritchie Blackmore', 'Russia');
INSERT 0 5
```
```
test_db=# SELECT COUNT (*) FROM orders;
SELECT COUNT (*) FROM clients;
 count 
-------
     5
(1 row)

 count 
-------
     5
(1 row)
```
# Задание 4

